{"cameraMode":{"drawMode":0,"name":"Shaded","section":"Shading Mode"},"sceneLighting":false,"audioPlay":false,"sceneViewState":{"m_AlwaysRefresh":true,"showFog":true,"showSkybox":false,"showFlares":true,"showImageEffects":true,"showParticleSystems":true,"showVisualEffectGraphs":true,"m_FxEnabled":true},"in2DMode":false,"pivot":{"x":0.03296762332320213,"y":1.6926599740982056,"z":-0.20974430441856385},"rotation":{"x":0.024547072127461435,"y":0.9765496850013733,"z":-0.15885812044143678,"w":0.1454034298658371},"size":0.9582558274269104,"orthographic":false}