{"cameraMode":{"drawMode":0,"name":"Shaded","section":"Shading Mode"},"sceneLighting":true,"audioPlay":false,"sceneViewState":{"m_AlwaysRefresh":true,"showFog":true,"showSkybox":true,"showFlares":true,"showImageEffects":true,"showParticleSystems":true,"showVisualEffectGraphs":true,"m_FxEnabled":true},"in2DMode":false,"pivot":{"x":0.21004295349121095,"y":5.8997392654418949,"z":-0.4143657684326172},"rotation":{"x":0.0062446012161672119,"y":-0.8186403512954712,"z":0.00882289744913578,"w":0.5742791891098023},"size":1.9795714616775513,"orthographic":false}