{"cameraMode":{"drawMode":0,"name":"Shaded","section":"Shading Mode"},"sceneLighting":true,"audioPlay":false,"sceneViewState":{"m_AlwaysRefresh":true,"showFog":true,"showSkybox":true,"showFlares":true,"showImageEffects":true,"showParticleSystems":true,"showVisualEffectGraphs":true,"m_FxEnabled":true},"in2DMode":false,"pivot":{"x":-0.6448746919631958,"y":4.700583457946777,"z":-0.8340203166007996},"rotation":{"x":-0.040534574538469318,"y":0.611304759979248,"z":-0.032381635159254077,"w":-0.7901796102523804},"size":0.45745232701301577,"orthographic":false}