{"cameraMode":{"drawMode":0,"name":"Shaded","section":"Shading Mode"},"sceneLighting":true,"audioPlay":false,"sceneViewState":{"m_AlwaysRefresh":true,"showFog":true,"showSkybox":true,"showFlares":true,"showImageEffects":true,"showParticleSystems":true,"showVisualEffectGraphs":true,"m_FxEnabled":true},"in2DMode":false,"pivot":{"x":0.06747481226921082,"y":1.2095894813537598,"z":-0.07917686551809311},"rotation":{"x":-0.20499353110790254,"y":0.19926193356513978,"z":-0.04426703602075577,"w":-0.9577441215515137},"size":0.4642578959465027,"orthographic":false}